<?xml version="1.0" encoding="UTF-8"?>
<project-private xmlns="http://www.netbeans.org/ns/project-private/1">
    <editor-bookmarks xmlns="http://www.netbeans.org/ns/editor-bookmarks/2" lastBookmarkId="0"/>
    <open-files xmlns="http://www.netbeans.org/ns/projectui-open-files/2">
        <group>
            <file>file:/Users/maevatchetchoua/NetBeansProjects/ECE_School%200.41/src/modele/Ecole.java</file>
            <file>file:/Users/maevatchetchoua/NetBeansProjects/ECE_School%200.41/src/modele/Classe.java</file>
            <file>file:/Users/maevatchetchoua/NetBeansProjects/ECE_School%200.41/src/vue/TestAffichage.java</file>
            <file>file:/Users/maevatchetchoua/NetBeansProjects/ECE_School%200.41/src/modele/Eleve.java</file>
            <file>file:/Users/maevatchetchoua/NetBeansProjects/ECE_School%200.41/src/controleur/DAO.java</file>
            <file>file:/Users/maevatchetchoua/NetBeansProjects/ECE_School%200.41/src/vue/Affichage.java</file>
            <file>file:/Users/maevatchetchoua/NetBeansProjects/ECE_School%200.41/src/controleur/EcoleDAO.java</file>
        </group>
    </open-files>
</project-private>
